ISO,n.L1.speakers,n.L2.speakers,ratio.L2.L1
mon,5754399.373,,
hmn,7708420.008,,
epo,,2000000.002,
fil,45000000.02,,
pan,92127770.01,,
slo,5187740.001,,
swa,15437390,,
swe,9197089.992,,
tel,74049000.01,4999999.996,0.067522856
tha,20396929.98,39999999.97,1.961079437
ukr,34868739.98,,
wel,536890,,
yid,1510430,,
zul,11969099.99,15699999.99,1.311710989
slv,2085159.999,,
xho,8177300,11000000,1.345187287